submitter_id,new_tumor
TCGA-BI-A0VR,0
TCGA-BI-A0VS,0
TCGA-C5-A1BE,0
TCGA-C5-A1BF,1
TCGA-C5-A1BI,0
TCGA-C5-A1BJ,0
TCGA-C5-A1BK,0
TCGA-C5-A1BL,0
TCGA-C5-A1BM,0
TCGA-C5-A1BN,1
TCGA-C5-A1M5,0
TCGA-C5-A1M6,1
TCGA-C5-A1M7,0
TCGA-C5-A1M9,1
TCGA-C5-A1ME,0
TCGA-C5-A1MF,0
TCGA-C5-A1MH,0
TCGA-C5-A1MI,1
TCGA-C5-A1MK,1
TCGA-C5-A1MN,0
TCGA-C5-A2LT,0
TCGA-C5-A2LV,0
TCGA-C5-A2LX,0
TCGA-C5-A2LY,0
TCGA-C5-A2M2,1
TCGA-C5-A7CG,0
TCGA-C5-A7CH,0
TCGA-C5-A7CJ,0
TCGA-C5-A7CK,0
TCGA-C5-A7CO,0
TCGA-C5-A7UE,0
TCGA-C5-A7UH,0
TCGA-C5-A7UI,0
TCGA-C5-A7X3,1
TCGA-C5-A7X5,1
TCGA-C5-A7XC,0
TCGA-C5-A8XH,0
TCGA-C5-A8XJ,0
TCGA-C5-A8XK,0
TCGA-C5-A8YQ,1
TCGA-C5-A8YT,1
TCGA-C5-A905,0
TCGA-DG-A2KJ,0
TCGA-DG-A2KK,0
TCGA-DG-A2KL,0
TCGA-DG-A2KM,0
TCGA-DR-A0ZL,0
TCGA-DR-A0ZM,0
TCGA-DS-A0VK,0
TCGA-DS-A0VN,0
TCGA-DS-A1OD,0
TCGA-DS-A7WF,1
TCGA-DS-A7WI,1
TCGA-EA-A1QS,0
TCGA-EA-A1QT,0
TCGA-EA-A3HQ,0
TCGA-EA-A3Y4,0
TCGA-EX-A69M,1
TCGA-FU-A3HZ,0
TCGA-FU-A3NI,1
TCGA-HG-A2PA,1
TCGA-HM-A3JJ,1
TCGA-IR-A3L7,0
TCGA-IR-A3LA,0
TCGA-IR-A3LB,0
TCGA-IR-A3LC,0
TCGA-IR-A3LF,0
TCGA-IR-A3LH,0
TCGA-IR-A3LI,0
TCGA-IR-A3LL,0
TCGA-JW-A5VH,1
TCGA-JX-A3PZ,1
TCGA-JX-A3Q0,0
TCGA-JX-A3Q8,0
TCGA-Q1-A6DT,1
TCGA-UC-A7PD,1
TCGA-UC-A7PF,0
TCGA-UC-A7PG,1
TCGA-UC-A7PI,0
TCGA-VS-A8EB,1
TCGA-VS-A8EC,0
TCGA-VS-A8EG,0
TCGA-VS-A8EJ,1
TCGA-VS-A8EK,1
TCGA-VS-A8EL,0
TCGA-VS-A8Q8,1
TCGA-VS-A8Q9,0
TCGA-VS-A8QA,0
TCGA-VS-A8QC,1
TCGA-VS-A8QF,0
TCGA-VS-A8QH,0
TCGA-VS-A8QM,1
TCGA-VS-A94W,0
TCGA-VS-A94X,1
TCGA-VS-A94Y,1
TCGA-VS-A950,0
TCGA-VS-A952,0
TCGA-VS-A953,1
TCGA-VS-A954,0
TCGA-VS-A957,0
TCGA-VS-A958,0
TCGA-VS-A959,0
TCGA-VS-A9U5,0
TCGA-VS-A9U6,0
TCGA-VS-A9U7,0
TCGA-VS-A9UH,0
TCGA-VS-A9UI,0
TCGA-VS-A9UJ,1
TCGA-VS-A9UL,1
TCGA-VS-A9UM,1
TCGA-VS-A9UP,0
TCGA-VS-A9UQ,0
TCGA-VS-A9UV,1
TCGA-VS-A9UY,1
TCGA-VS-A9UZ,0
TCGA-VS-A9V4,1
TCGA-VS-A9V5,1
TCGA-VS-AA62,1
TCGA-ZJ-A8QR,1
